iter,train_loss,train_loss_per_pixel,train_score_per_pixel,valid_score_per_pixel
0,2323288.879116596,1.936074065930497,-1.936073874086972,-1.9362880174428523
1,327715.72244921385,0.27309643537434486,-0.26837635104219437,-0.2728080010408876
2,117533.91446607505,0.0979449287217292,-0.06840241915837561,-0.07256538473492505
3,115707.31704758754,0.09642276420632295,-0.056753155780289284,-0.061067312801086376
4,127718.26747152457,0.10643188955960381,-0.06893369957714358,-0.07240342874625087
