iter,train_loss,train_loss_per_pixel,train_score_per_pixel,valid_score_per_pixel
0,2325171.677777401,1.9376430648145009,-1.9376428729876756,-1.9376106749368411
1,291901.3957502047,0.24325116312517056,-0.235663708174264,-0.2414292309279377
2,160829.7812661358,0.13402481772177985,-0.1013152816021872,-0.10624634238646327
3,151405.40141851536,0.1261711678487628,-0.0943692629095853,-0.0997452211034285
4,164485.15196778433,0.1370709599731536,-0.10689707741579141,-0.11168100061564852
