iter,train_loss,train_loss_per_pixel,train_score_per_pixel,valid_score_per_pixel
0,2320225.114856714,1.9335209290472617,-1.9335207373351069,-1.933413350567894
1,319948.8621315556,0.26662405177629633,-0.2600894169370945,-0.2663310253718204
2,111141.2496547412,0.09261770804561767,-0.06322586856609666,-0.07078226943825537
3,120057.36969971775,0.10004780808309813,-0.0675516104862585,-0.07415745577159162
