iter,train_loss,train_loss_per_pixel,train_score_per_pixel,valid_score_per_pixel
0,2323437.8723320216,1.9361982269433513,-1.936198035177288,-1.9364667891954432
1,311898.1857212502,0.2599151547677085,-0.25320212480776827,-0.254068838275159
2,164693.81068312534,0.13724484223593778,-0.10404798397356287,-0.10942766101588247
3,150552.45579468622,0.12546037982890518,-0.08737895845779105,-0.09408662629620286
4,147857.86028459406,0.12321488357049505,-0.08585080288952053,-0.09320422851656425
5,152043.03381838492,0.12670252818198743,-0.09076202413734323,-0.09824742713580538
